num_est,file_num,law_name,link
14,0001,Constitución Política del Estado de Jalisco,https://mexico.justia.com/estatales/jal/constitucion-politica-del-estado-de-jalisco/
14,0002,Código Civil del Estado de Jalisco,https://mexico.justia.com/estatales/jalisco/codigos/codigo-civil-del-estado-de-jalisco/
14,0003,Código de Asistencia Social del Estado de Jalisco,https://mexico.justia.com/estatales/jalisco/codigos/codigo-de-asistencia-social-del-estado-de-jalisco/
14,0004,Código de Ética del Congreso del Estado de Jalisco,https://mexico.justia.com/estatales/jalisco/codigos/codigo-de-etica-del-congreso-del-estado-de-jalisco/
14,0005,Código de Ética y Reglas de Integridad para los Servidores Públicos de la Administración Pública del Estado de Jalisco,https://mexico.justia.com/estatales/jalisco/codigos/codigo-de-etica-y-reglas-de-integridad-para-los-servidores-publicos-de-la-administracion-publica-del-estado-de-jalisco/
14,0006,Código de Procedimientos Civiles del Estado de Jalisco,https://mexico.justia.com/estatales/jalisco/codigos/codigo-de-procedimientos-civiles-del-estado-de-jalisco/
14,0007,Código Electoral del Estado de Jalisco,https://mexico.justia.com/estatales/jalisco/codigos/codigo-electoral-y-de-participacion-social-del-estado-de-jalisco/
14,0008,Código Fiscal del Estado de Jalisco,https://mexico.justia.com/estatales/jalisco/codigos/codigo-fiscal-del-estado-de-jalisco/
14,0009,Código Penal para el Estado Libre y Soberano de Jalisco,https://mexico.justia.com/estatales/jalisco/codigos/codigo-penal-para-el-estado-libre-y-soberano-de-jalisco/
14,0010,Código Urbano para el Estado de Jalisco,https://mexico.justia.com/estatales/jalisco/codigos/codigo-urbano-para-el-estado-de-jalisco/
14,0011,Ley Agroalimentaria del Estado de Jalisco,https://mexico.justia.com/estatales/jalisco/leyes/ley-agroalimentaria-del-estado-de-jalisco/
14,0012,Ley contra la Delincuencia Organizada del Estado de Jalisco,https://mexico.justia.com/estatales/jalisco/leyes/ley-contra-la-delincuencia-organizada-del-estado-de-jalisco/
14,0013,Ley de Acceso de las Mujeres a una Vida Libre de Violencia del Estado de Jalisco,https://mexico.justia.com/estatales/jalisco/leyes/ley-de-acceso-de-las-mujeres-a-una-vida-libre-de-violencia-del-estado-de-jalisco/
14,0014,Ley de Acuacultura y Pesca para el Estado de Jalisco,https://mexico.justia.com/estatales/jalisco/leyes/ley-de-acuacultura-y-pesca-para-el-estado-de-jalisco/
14,0015,Ley de Amnistía para las Mujeres Víctimas de Violencia de Género,https://mexico.justia.com/estatales/jalisco/leyes/ley-de-amnistia-para-las-mujeres-victimas-de-violencia-de-genero/
14,0016,Ley de Amnistía,https://mexico.justia.com/estatales/jalisco/leyes/ley-de-amnistia/
14,0017,Ley de Archivos del Estado de Jalisco y sus Municipios,https://mexico.justia.com/estatales/jalisco/leyes/ley-de-archivos-del-estado-de-jalisco-y-sus-municipios/
14,0018,Ley de Asociaciones Intermunicipales del Estado de Jalisco,https://mexico.justia.com/estatales/jalisco/leyes/ley-de-asociaciones-intermunicipales-del-estado-de-jalisco/
14,0019,Ley de Atención a Víctimas del Estado de Jalisco,https://mexico.justia.com/estatales/jalisco/leyes/ley-de-atencion-a-victimas-del-estado-de-jalisco/
14,0020,Ley de Austeridad y Ahorro del Estado de Jalisco y sus Municipios,https://mexico.justia.com/estatales/jalisco/leyes/ley-de-austeridad-y-ahorro-del-estado-de-jalisco-y-sus-municipios/
14,0021,Ley de Beneméritos del Estado de Jalisco,https://mexico.justia.com/estatales/jalisco/leyes/ley-de-benemeritos-del-estado-de-jalisco/
14,0022,Ley de Bibliotecas del Estado de Jalisco,https://mexico.justia.com/estatales/jalisco/leyes/ley-de-bibliotecas-del-estado-de-jalisco/
14,0023,Ley de Catastro Municipal del Estado de Jalisco,https://mexico.justia.com/estatales/jalisco/leyes/ley-de-catastro-municipal-del-estado-de-jalisco/
14,0024,"Ley de Ciencia, Desarrollo Tecnológico e Innovación del Estado de Jalisco",https://mexico.justia.com/estatales/jalisco/leyes/ley-de-ciencia-desarrollo-tecnologico-e-innovacion-del-estado-de-jalisco/
14,0025,"Ley de Compras Gubernamentales, Enajenaciones y Contratación de Servicios del Estado de Jalisco y sus Municipios",https://mexico.justia.com/estatales/jalisco/leyes/ley-de-compras-gubernamentales-enajenaciones-y-contratacion-de-servicios-del-estado-de-jalisco-y-sus-municipios/
14,0026,Ley de Control de Confianza del Estado de Jalisco y sus Municipios,https://mexico.justia.com/estatales/jalisco/leyes/ley-de-control-de-confianza-del-estado-de-jalisco-y-sus-municipios/
14,0027,Ley de Coordinación Fiscal del Estado de Jalisco y sus Municipios,https://mexico.justia.com/estatales/jalisco/leyes/ley-de-coordinacion-fiscal-del-estado-de-jalisco-con-sus-municipios/
14,0028,Ley de Coordinación Metropolitana del Estado de Jalisco,https://mexico.justia.com/estatales/jalisco/leyes/ley-de-coordinacion-metropolitana-del-estado-de-jalisco/
14,0029,Ley de Cultura de Paz del Estado de Jalisco,https://mexico.justia.com/estatales/jalisco/leyes/ley-de-cultura-de-paz-del-estado-de-jalisco/
14,0030,Ley de Cultura Física y Deporte del Estado de Jalisco,https://mexico.justia.com/estatales/jalisco/leyes/ley-de-cultura-fisica-y-deporte-del-estado-de-jalisco/
14,0031,Ley de Desarrollo Forestal Sustentable para el Estado de Jalisco,https://mexico.justia.com/estatales/jalisco/leyes/ley-de-desarrollo-forestal-sustentable-para-el-estado-de-jalisco/
14,0032,Ley de Desarrollo Rural Sustentable del Estado de Jalisco,https://mexico.justia.com/estatales/jalisco/leyes/ley-de-desarrollo-rural-sustentable-del-estado-de-jalisco/
14,0033,Ley de Desarrollo Social para el Estado de Jalisco,https://mexico.justia.com/estatales/jalisco/leyes/ley-de-desarrollo-social-para-el-estado-de-jalisco/
14,0034,Ley de Deuda Pública y Disciplina Financiera del Estado de Jalisco y sus Municipios,https://mexico.justia.com/estatales/jalisco/leyes/ley-de-deuda-publica-y-disciplina-financiera-del-estado-de-jalisco-y-sus-municipios/
14,0035,Ley de Educación del Estado Libre y Soberano de Jalisco,https://mexico.justia.com/estatales/jalisco/leyes/ley-de-educacion-del-estado-libre-y-soberano-de-jalisco/
14,0036,Ley de Educación Superior del Estado de Jalisco,https://mexico.justia.com/estatales/jalisco/leyes/ley-de-educacion-superior-del-estado-de-jalisco/
14,0037,Ley de Entidades Paraestatales del Estado de Jalisco,https://mexico.justia.com/estatales/jalisco/leyes/ley-de-entidades-paraestatales-del-estado-de-jalisco/
14,0038,Ley de Entrega-Recepción del Estado de Jalisco y sus Municipios,https://mexico.justia.com/estatales/jalisco/leyes/ley-de-entrega-recepcion-del-estado-de-jalisco-y-sus-municipios/
14,0039,Ley de Evaluación y Supervisión de Medidas Cautelares y Suspensión Condicional del Proceso del Estado de Jalisco,https://mexico.justia.com/estatales/jalisco/leyes/ley-de-evaluacion-y-supervision-de-medidas-cautelares-y-suspension-condicional-del-proceso-del-estado-de-jalisco/
14,0040,Ley de Expropiación de Bienes Muebles e Inmuebles de Propiedad Privada,https://mexico.justia.com/estatales/jalisco/leyes/ley-de-expropiacion-de-bienes-muebles-e-inmuebles-de-propiedad-privada/
14,0041,Ley de Filmaciones del Estado de Jalisco,https://mexico.justia.com/estatales/jalisco/leyes/ley-de-filmaciones-del-estado-de-jalisco/
14,0042,Ley de Firma Electrónica Avanzada para el Estado de Jalisco y sus Municipios,https://mexico.justia.com/estatales/jalisco/leyes/ley-de-firma-electronica-avanzada-para-el-estado-de-jalisco-y-sus-municipios/
14,0043,Ley de Fiscalización Superior y Rendición de Cuentas del Estado de Jalisco y sus Municipios,https://mexico.justia.com/estatales/jalisco/leyes/ley-de-fiscalizacion-superior-y-rendicion-de-cuentas-del-estado-de-jalisco-y-sus-municipios/
14,0044,Ley de Fomento a la Cultura del Estado de Jalisco,https://mexico.justia.com/estatales/jalisco/leyes/ley-de-fomento-a-la-cultura/
14,0045,Ley de Fomento al Emprendimiento del Estado de Jalisco,https://mexico.justia.com/estatales/jalisco/leyes/ley-de-fomento-al-emprendimiento-del-estado-de-jalisco/
14,0046,Ley de Fomento Apícola y Protección de Agentes Polinizadores de Jalisco,https://mexico.justia.com/estatales/jalisco/leyes/ley-de-fomento-apicola-y-proteccion-de-agentes-polinizadores-de-jalisco/
14,0047,Ley de Fomento y Desarrollo Pecuario del Estado de Jalisco,https://mexico.justia.com/estatales/jalisco/leyes/ley-de-fomento-y-desarrollo-pecuario-del-estado-de-jalisco/
14,0048,Ley de Gestión Integral de los Residuos del Estado de Jalisco,https://mexico.justia.com/estatales/jalisco/leyes/ley-de-gestion-integral-de-los-residuos-del-estado-de-jalisco/
14,0049,Ley de Hacienda del Estado de Jalisco,https://mexico.justia.com/estatales/jalisco/leyes/ley-de-hacienda-del-estado-de-jalisco/
14,0050,Ley de Hacienda Municipal del Estado de Jalisco,https://mexico.justia.com/estatales/jalisco/leyes/ley-de-hacienda-municipal-del-estado-de-jalisco/
14,0051,"Ley de Incompatibilidades para los Servidores Públicos, Reglamentaria del Artículo 112 de la Constitución Política del Estado de Jalisco",https://mexico.justia.com/estatales/jalisco/leyes/ley-de-incompatibilidades-para-los-servidores-publicos-reglamentaria-del-articulo-de-la-constitucion-del-estado-de-jalisco/
14,0052,Ley de Ingresos del Estado de Jalisco para el Ejercicio Fiscal 2024,https://mexico.justia.com/estatales/jalisco/leyes/ley-de-ingresos-del-estado-de-jalisco-para-el-ejercicio-fiscal/
14,0053,"Ley de Ingresos del Municipio de Acatic, Jalisco para el Ejercicio Fiscal 2025",https://mexico.justia.com/estatales/jalisco/leyes/ley-de-ingresos-del-municipio-de-acatic-jalisco-para-el-ejercicio-fiscal/
14,0054,"Ley de Ingresos del Municipio de Acatlán de Juárez, Jalisco para el Ejercicio Fiscal 2025",https://mexico.justia.com/estatales/jalisco/leyes/ley-de-ingresos-del-municipio-de-acatlan-de-juarez-jalisco-para-el-ejercicio-fiscal/
14,0055,"Ley de Ingresos del Municipio de Ahualulco de Mercado, Jalisco para el Ejercicio Fiscal  2024",https://mexico.justia.com/estatales/jalisco/leyes/ley-de-ingresos-del-municipio-de-ahualulco-de-mercado-jalisco-para-el-ejercicio-fiscal/
14,0056,"Ley de Ingresos del Municipio de Amacueca, Jalisco para el Ejercicio Fiscal 2025",https://mexico.justia.com/estatales/jalisco/leyes/ley-de-ingresos-del-municipio-de-amacueca-jalisco-para-el-ejercicio-fiscal/
14,0057,"Ley de Ingresos del Municipio de Amatitán, Jalisco para el Ejercicio Fiscal 2025",https://mexico.justia.com/estatales/jalisco/leyes/ley-de-ingresos-del-municipio-de-amatitan-jalisco-para-el-ejercicio-fiscal/
14,0058,"Ley de Ingresos del Municipio de Ameca, Jalisco para el Ejercicio Fiscal 2025",https://mexico.justia.com/estatales/jalisco/leyes/ley-de-ingresos-del-municipio-de-ameca-jalisco-para-el-ejercicio-fiscal/
14,0059,"Ley de Ingresos del Municipio de Arandas, Jalisco para el Ejercicio Fiscal 2025",https://mexico.justia.com/estatales/jalisco/leyes/ley-de-ingresos-del-municipio-de-arandas-jalisco-para-el-ejercicio-fiscal/
14,0060,"Ley de Ingresos del Municipio de Atemajac de Brizuela, Jalisco para el Ejercicio Fiscal 2024",https://mexico.justia.com/estatales/jalisco/leyes/ley-de-ingresos-del-municipio-de-atemajac-de-brizuela-jalisco-para-el-ejercicio-fiscal/
14,0061,"Ley de Ingresos del Municipio de Atengo, Jalisco para el Ejercicio Fiscal 2025",https://mexico.justia.com/estatales/jalisco/leyes/ley-de-ingresos-del-municipio-de-atengo-jalisco-para-el-ejercicio-fiscal/
14,0062,"Ley de Ingresos del Municipio de Atenguillo, Jalisco para el Ejercicio Fiscal 2025",https://mexico.justia.com/estatales/jalisco/leyes/ley-de-ingresos-del-municipio-de-atenguillo-jalisco-para-el-ejercicio-fiscal/
14,0063,"Ley de Ingresos del Municipio de Atotonilco el Alto, Jalisco para el Ejercicio Fiscal 2025",https://mexico.justia.com/estatales/jalisco/leyes/ley-de-ingresos-del-municipio-de-atotonilco-el-alto-jalisco-para-el-ejercicio-fiscal/
14,0064,"Ley de Ingresos del Municipio de Atoyac, Jalisco para el Ejercicio Fiscal 2025",https://mexico.justia.com/estatales/jalisco/leyes/ley-de-ingresos-del-municipio-de-atoyac-jalisco-para-el-ejercicio-fiscal/
14,0065,"Ley de Ingresos del Municipio de Autlán de Navarro, Jalisco para el Ejercicio Fiscal 2025",https://mexico.justia.com/estatales/jalisco/leyes/ley-de-ingresos-del-municipio-de-autlan-de-navarro-jalisco-para-el-ejercicio-fiscal/
14,0066,"Ley de Ingresos del Municipio de Ayotlán, Jalisco para el Ejercicio Fiscal 2025",https://mexico.justia.com/estatales/jalisco/leyes/ley-de-ingresos-del-municipio-de-ayotlan-jalisco-para-el-ejercicio-fiscal/
14,0067,"Ley de Ingresos del Municipio de Ayutla, Jalisco para el Ejercicio Fiscal 2025",https://mexico.justia.com/estatales/jalisco/leyes/ley-de-ingresos-del-municipio-de-ayutla-jalisco-para-el-ejercicio-fiscal/
14,0068,"Ley de Ingresos del Municipio de Bolaños, Jalisco para el Ejercicio Fiscal 2025",https://mexico.justia.com/estatales/jalisco/leyes/ley-de-ingresos-del-municipio-de-bolanos-jalisco-para-el-ejercicio-fiscal/
14,0069,"Ley de Ingresos del Municipio de Cabo Corrientes, Jalisco para el Ejercicio Fiscal 2025",https://mexico.justia.com/estatales/jalisco/leyes/ley-de-ingresos-del-municipio-de-cabo-corrientes-jalisco-para-el-ejercicio-fiscal/
14,0070,"Ley de Ingresos del Municipio de Cañadas de Obregón, Jalisco para el Ejercicio Fiscal 2025",https://mexico.justia.com/estatales/jalisco/leyes/ley-de-ingresos-del-municipio-de-canadas-de-obregon-jalisco-para-el-ejercicio-fiscal/
14,0071,"Ley de Ingresos del Municipio de Casimiro Castillo, Jalisco para el Ejercicio Fiscal 2025",https://mexico.justia.com/estatales/jalisco/leyes/ley-de-ingresos-del-municipio-de-casimiro-castillo-jalisco-para-el-ejercicio-fiscal/
14,0072,"Ley de Ingresos del Municipio de Chapala, Jalisco para el Ejercicio Fiscal 2025",https://mexico.justia.com/estatales/jalisco/leyes/ley-de-ingresos-del-municipio-de-chapala-jalisco-para-el-ejercicio-fiscal/
14,0073,"Ley de Ingresos del Municipio de Chimaltitán, Jalisco para el Ejercicio Fiscal 2025",https://mexico.justia.com/estatales/jalisco/leyes/ley-de-ingresos-del-municipio-de-chimaltitan-jalisco-para-el-ejercicio-fiscal/
14,0074,"Ley de Ingresos del Municipio de Chiquilistlán, Jalisco para el Ejercicio Fiscal 2025",https://mexico.justia.com/estatales/jalisco/leyes/ley-de-ingresos-del-municipio-de-chiquilistlan-jalisco-para-el-ejercicio-fiscal/
14,0075,"Ley de Ingresos del Municipio de Cihuatlán, Jalisco para el Ejercicio Fiscal 2025",https://mexico.justia.com/estatales/jalisco/leyes/ley-de-ingresos-del-municipio-de-cihuatlan-jalisco-para-el-ejercicio-fiscal/
14,0076,"Ley de Ingresos del Municipio de Cocula, Jalisco para el Ejercicio Fiscal 2025",https://mexico.justia.com/estatales/jalisco/leyes/ley-de-ingresos-del-municipio-de-cocula-jalisco-para-el-ejercicio-fiscal/
14,0077,"Ley de Ingresos del Municipio de Colotlán, Jalisco para el Ejercicio Fiscal 2025",https://mexico.justia.com/estatales/jalisco/leyes/ley-de-ingresos-del-municipio-de-colotlan-jalisco-para-el-ejercicio-fiscal/
14,0078,"Ley de Ingresos del Municipio de Concepción de Buenos Aires, Jalisco para el Ejercicio Fiscal 2025",https://mexico.justia.com/estatales/jalisco/leyes/ley-de-ingresos-del-municipio-de-concepcion-de-buenos-aires-jalisco-para-el-ejercicio-fiscal/
14,0079,"Ley de Ingresos del Municipio de Cuautitlán de García Barragán, Jalisco para el Ejercicio Fiscal 2025",https://mexico.justia.com/estatales/jalisco/leyes/ley-de-ingresos-del-municipio-de-cuautitlan-de-garcia-barragan-jalisco-para-el-ejercicio-fiscal/
14,0080,Ley de Ingresos del Municipio de Cuautla para el Ejercicio Fiscal 2025,https://mexico.justia.com/estatales/jalisco/leyes/ley-de-ingresos-del-municipio-de-cuautla-para-el-ejercicio-fiscal/
14,0081,"Ley de Ingresos del Municipio de Cuquio, Jalisco para el Ejercicio Fiscal 2025",https://mexico.justia.com/estatales/jalisco/leyes/ley-de-ingresos-del-municipio-de-cuquio-jalisco-para-el-ejercicio-fiscal/
14,0082,"Ley de Ingresos del Municipio de Degollado, Jalisco para el Ejercicio Fiscal 2024",https://mexico.justia.com/estatales/jalisco/leyes/ley-de-ingresos-del-municipio-de-degollado-jalisco-para-el-ejercicio-fiscal/
14,0083,"Ley de Ingresos del Municipio de Ejutla, Jalisco para el Ejercicio Fiscal 2025",https://mexico.justia.com/estatales/jalisco/leyes/ley-de-ingresos-del-municipio-de-ejutla-jalisco-para-el-ejercicio-fiscal/
14,0084,"Ley de Ingresos del Municipio de el Arenal, Jalisco para el Ejercicio Fiscal 2025",https://mexico.justia.com/estatales/jalisco/leyes/ley-de-ingresos-del-municipio-de-el-arenal-jalisco-para-el-ejercicio-fiscal/
14,0085,"Ley de Ingresos del Municipio de el Grullo, Jalisco para el Ejercicio Fiscal 2025",https://mexico.justia.com/estatales/jalisco/leyes/ley-de-ingresos-del-municipio-de-el-grullo-jalisco-para-el-ejercicio-fiscal/
14,0086,"Ley de Ingresos del Municipio de el Limón, Jalisco para el Ejercicio Fiscal 2025",https://mexico.justia.com/estatales/jalisco/leyes/ley-de-ingresos-del-municipio-de-el-limon-jalisco-para-el-ejercicio-fiscal/
14,0087,"Ley de Ingresos del Municipio de el Salto, Jalisco para el Ejercicio Fiscal 2025",https://mexico.justia.com/estatales/jalisco/leyes/ley-de-ingresos-del-municipio-de-el-salto-jalisco-para-el-ejercicio-fiscal/
14,0088,Ley de Ingresos del Municipio de Encarnación de Díaz para el Ejercicio Fiscal 2025,https://mexico.justia.com/estatales/jalisco/leyes/ley-de-ingresos-del-municipio-de-encarnacion-de-diaz-para-el-ejercicio-fiscal/
14,0089,"Ley de Ingresos del Municipio de Etzatlán, Jalisco para el Ejercicio Fiscal 2025",https://mexico.justia.com/estatales/jalisco/leyes/ley-de-ingresos-del-municipio-de-etzatlan-jalisco-para-el-ejercicio-fiscal/
14,0090,"Ley de Ingresos del Municipio de Gómez Farías, Jalisco para el Ejercicio Fiscal 2025",https://mexico.justia.com/estatales/jalisco/leyes/ley-de-ingresos-del-municipio-de-gomez-farias-jalisco-para-el-ejercicio-fiscal/
14,0091,"Ley de Ingresos del Municipio de Guachinango, Jalisco para el Ejercicio Fiscal 2025",https://mexico.justia.com/estatales/jalisco/leyes/ley-de-ingresos-del-municipio-de-guachinango-jalisco-para-el-ejercicio-fiscal/
14,0092,"Ley de Ingresos del Municipio de Guadalajara, Jalisco para el Ejercicio Fiscal 2025",https://mexico.justia.com/estatales/jalisco/leyes/ley-de-ingresos-del-municipio-de-guadalajara-jalisco-para-el-ejercicio-fiscal/
14,0093,"Ley de Ingresos del Municipio de Hostotipaquillo, Jalisco para el Ejercicio Fiscal 2025",https://mexico.justia.com/estatales/jalisco/leyes/ley-de-ingresos-del-municipio-de-hostotipaquillo-jalisco-para-el-ejercicio-fiscal/
14,0094,"Ley de Ingresos del Municipio de Huejúcar, Jalisco para el Ejercicio Fiscal 2025",https://mexico.justia.com/estatales/jalisco/leyes/ley-de-ingresos-del-municipio-de-huejucar-jalisco-para-el-ejercicio-fiscal/
14,0095,"Ley de Ingresos del Municipio de Huejuquilla el Alto, Jalisco para el Ejercicio Fiscal 2025",https://mexico.justia.com/estatales/jalisco/leyes/ley-de-ingresos-del-municipio-de-huejuquilla-el-alto-jalisco-para-el-ejercicio-fiscal/
14,0096,"Ley de Ingresos del Municipio de Ixtlahuacán de los Membrillos, Jalisco para el Ejercicio Fiscal 2025",https://mexico.justia.com/estatales/jalisco/leyes/ley-de-ingresos-del-municipio-de-ixtlahuacan-de-los-membrillos-jalisco-para-el-ejercicio-fiscal/
14,0097,"Ley de Ingresos del Municipio de Ixtlahuacán del Río, Jalisco para el Ejercicio Fiscal 2025",https://mexico.justia.com/estatales/jalisco/leyes/ley-de-ingresos-del-municipio-de-ixtlahuacan-del-rio-jalisco-para-el-ejercicio-fiscal/
14,0098,"Ley de Ingresos del Municipio de Jalostotitlán, Jalisco para el Ejercicio Fiscal 2025",https://mexico.justia.com/estatales/jalisco/leyes/ley-de-ingresos-del-municipio-de-jalostotitlan-jalisco-para-el-ejercicio-fiscal/
14,0099,"Ley de Ingresos del Municipio de Jamay, Jalisco para el Ejercicio Fiscal 2025",https://mexico.justia.com/estatales/jalisco/leyes/ley-de-ingresos-del-municipio-de-jamay-jalisco-para-el-ejercicio-fiscal/
14,0100,"Ley de Ingresos del Municipio de Jesús María, Jalisco para el Ejercicio Fiscal 2025",https://mexico.justia.com/estatales/jalisco/leyes/ley-de-ingresos-del-municipio-de-jesus-maria-jalisco-para-el-ejercicio-fiscal/
14,0101,"Ley de Ingresos del Municipio de Jilotlán de los Dolores, Jalisco para el Ejercicio Fiscal 2025",https://mexico.justia.com/estatales/jalisco/leyes/ley-de-ingresos-del-municipio-de-jilotlan-de-los-dolores-jalisco-para-el-ejercicio-fiscal/
14,0102,"Ley de Ingresos del Municipio de Jocotepec, Jalisco para el Ejercicio Fiscal 2025",https://mexico.justia.com/estatales/jalisco/leyes/ley-de-ingresos-del-municipio-de-jocotepec-jalisco-para-el-ejercicio-fiscal/
14,0103,"Ley de Ingresos del Municipio de Juanacatlán, Jalisco para el Ejercicio Fiscal 2025",https://mexico.justia.com/estatales/jalisco/leyes/ley-de-ingresos-del-municipio-de-juanacatlan-jalisco-para-el-ejercicio-fiscal/
14,0104,"Ley de Ingresos del Municipio de Juchitlán, Jalisco para el Ejercicio Fiscal 2025",https://mexico.justia.com/estatales/jalisco/leyes/ley-de-ingresos-del-municipio-de-juchitlan-jalisco-para-el-ejercicio-fiscal/
14,0105,"Ley de Ingresos del Municipio de la Barca, Jalisco para el Ejercicio Fiscal 2025",https://mexico.justia.com/estatales/jalisco/leyes/ley-de-ingresos-del-municipio-de-la-barca-jalisco-para-el-ejercicio-fiscal/
14,0106,"Ley de Ingresos del Municipio de la Huerta, Jalisco para el Ejercicio Fiscal 2025",https://mexico.justia.com/estatales/jalisco/leyes/ley-de-ingresos-del-municipio-de-la-huerta-jalisco-para-el-ejercicio-fiscal/
14,0107,"Ley de Ingresos del Municipio de la Manzanilla de la Paz, Jalisco para el Ejercicio Fiscal 2025",https://mexico.justia.com/estatales/jalisco/leyes/ley-de-ingresos-del-municipio-de-la-manzanilla-de-la-paz-jalisco-para-el-ejercicio-fiscal/
14,0108,"Ley de Ingresos del Municipio de Lagos de Moreno, Jalisco para el Ejercicio Fiscal 2025",https://mexico.justia.com/estatales/jalisco/leyes/ley-de-ingresos-del-municipio-de-lagos-de-moreno-jalisco-para-el-ejercicio-fiscal/
14,0109,"Ley de Ingresos del Municipio de Magdalena, Jalisco para el Ejercicio Fiscal 2025",https://mexico.justia.com/estatales/jalisco/leyes/ley-de-ingresos-del-municipio-de-magdalena-jalisco-para-el-ejercicio-fiscal/
14,0110,"Ley de Ingresos del Municipio de Mascota, Jalisco para el Ejercicio Fiscal 2025",https://mexico.justia.com/estatales/jalisco/leyes/ley-de-ingresos-del-municipio-de-mascota-jalisco-para-el-ejercicio-fiscal/
14,0111,"Ley de Ingresos del Municipio de Mazamitla, Jalisco para el Ejercicio Fiscal 2025",https://mexico.justia.com/estatales/jalisco/leyes/ley-de-ingresos-del-municipio-de-mazamitla-jalisco-para-el-ejercicio-fiscal/
14,0112,"Ley de Ingresos del Municipio de Mexticacán, Jalisco para el Ejercicio Fiscal 2025",https://mexico.justia.com/estatales/jalisco/leyes/ley-de-ingresos-del-municipio-de-mexticacan-jalisco-para-el-ejercicio-fiscal/
14,0113,"Ley de Ingresos del Municipio de Mezquitic, Jalisco para el Ejercicio Fiscal 2025",https://mexico.justia.com/estatales/jalisco/leyes/ley-de-ingresos-del-municipio-de-mezquitic-jalisco-para-el-ejercicio-fiscal/
14,0114,"Ley de Ingresos del Municipio de Mixtlán, Jalisco para el Ejercicio Fiscal 2025",https://mexico.justia.com/estatales/jalisco/leyes/ley-de-ingresos-del-municipio-de-mixtlan-jalisco-para-el-ejercicio-fiscal/
14,0115,"Ley de Ingresos del Municipio de Ocotlán, Jalisco para el Ejercicio Fiscal 2025",https://mexico.justia.com/estatales/jalisco/leyes/ley-de-ingresos-del-municipio-de-ocotlan-jalisco-para-el-ejercicio-fiscal/
14,0116,"Ley de Ingresos del Municipio de Ojuelos de Jalisco, Jalisco para el Ejercicio Fiscal 2025",https://mexico.justia.com/estatales/jalisco/leyes/ley-de-ingresos-del-municipio-de-ojuelos-de-jalisco-jalisco-para-el-ejercicio-fiscal/
14,0117,"Ley de Ingresos del Municipio de Pihuamo, Jalisco para el Ejercicio Fiscal 2025",https://mexico.justia.com/estatales/jalisco/leyes/ley-de-ingresos-del-municipio-de-pihuamo-jalisco-para-el-ejercicio-fiscal/
14,0118,"Ley de Ingresos del Municipio de Poncitlán, Jalisco para el Ejercicio Fiscal 2025",https://mexico.justia.com/estatales/jalisco/leyes/ley-de-ingresos-del-municipio-de-poncitlan-jalisco-para-el-ejercicio-fiscal/
14,0119,"Ley de Ingresos del Municipio de Puerto Vallarta, Jalisco para el Ejercicio Fiscal 2025",https://mexico.justia.com/estatales/jalisco/leyes/ley-de-ingresos-del-municipio-de-puerto-vallarta-jalisco-para-el-ejercicio-fiscal/
14,0120,"Ley de Ingresos del Municipio de Quitupan, Jalisco para el Ejercicio Fiscal 2025",https://mexico.justia.com/estatales/jalisco/leyes/ley-de-ingresos-del-municipio-de-quitupan-jalisco-para-el-ejercicio-fiscal/
14,0121,"Ley de Ingresos del Municipio de San Cristóbal de la Barranca, Jalisco para el Ejercicio Fiscal 2025",https://mexico.justia.com/estatales/jalisco/leyes/ley-de-ingresos-del-municipio-de-san-cristobal-de-la-barranca-jalisco-para-el-ejercicio-fiscal/
14,0122,"Ley de Ingresos del Municipio de San Diego de Alejandría, Jalisco para el Ejercicio Fiscal 2025",https://mexico.justia.com/estatales/jalisco/leyes/ley-de-ingresos-del-municipio-de-san-diego-de-alejandria-jalisco-para-el-ejercicio-fiscal/
14,0123,"Ley de Ingresos del Municipio de San Gabriel, Jalisco para el Ejercicio Fiscal 2025",https://mexico.justia.com/estatales/jalisco/leyes/ley-de-ingresos-del-municipio-de-san-gabriel-jalisco-para-el-ejercicio-fiscal/
14,0124,"Ley de Ingresos del Municipio de San Ignacio Cerro Gordo, Jalisco para el Ejercicio Fiscal 2025",https://mexico.justia.com/estatales/jalisco/leyes/ley-de-ingresos-del-municipio-de-san-ignacio-cerro-gordo-jalisco-para-el-ejercicio-fiscal/
14,0125,"Ley de Ingresos del Municipio de San Juan de los Lagos, Jalisco para el Ejercicio Fiscal 2025",https://mexico.justia.com/estatales/jalisco/leyes/ley-de-ingresos-del-municipio-de-san-juan-de-los-lagos-jalisco-para-el-ejercicio-fiscal/
14,0126,"Ley de Ingresos del Municipio de San Juanito de Escobedo, Jalisco para el Ejercicio Fiscal 2025",https://mexico.justia.com/estatales/jalisco/leyes/ley-de-ingresos-del-municipio-de-san-juanito-de-escobedo-jalisco-para-el-ejercicio-fiscal/
14,0127,"Ley de Ingresos del Municipio de San Julian, Jalisco para el Ejercicio Fiscal 2025",https://mexico.justia.com/estatales/jalisco/leyes/ley-de-ingresos-del-municipio-de-san-julian-jalisco-para-el-ejercicio-fiscal/
14,0128,"Ley de Ingresos del Municipio de San Marcos, Jalisco para el Ejercicio Fiscal 2025",https://mexico.justia.com/estatales/jalisco/leyes/ley-de-ingresos-del-municipio-de-san-marcos-jalisco-para-el-ejercicio-fiscal/
14,0129,"Ley de Ingresos del Municipio de San Martín de Bolaños, Jalisco para el Ejercicio Fiscal 2025",https://mexico.justia.com/estatales/jalisco/leyes/ley-de-ingresos-del-municipio-de-san-martin-de-bolanos-jalisco-para-el-ejercicio-fiscal/
14,0130,"Ley de Ingresos del Municipio de San Martín de Hidalgo, Jalisco para el Ejercicio Fiscal 2025",https://mexico.justia.com/estatales/jalisco/leyes/ley-de-ingresos-del-municipio-de-san-martin-de-hidalgo-jalisco-para-el-ejercicio-fiscal/
14,0131,"Ley de Ingresos del Municipio de San Miguel el Alto, Jalisco para el Ejercicio Fiscal 2025",https://mexico.justia.com/estatales/jalisco/leyes/ley-de-ingresos-del-municipio-de-san-miguel-el-alto-jalisco-para-el-ejercicio-fiscal/
14,0132,"Ley de Ingresos del Municipio de San Pedro Tlaquepaque, Jalisco para el Ejercicio Fiscal 2025",https://mexico.justia.com/estatales/jalisco/leyes/ley-de-ingresos-del-municipio-de-san-pedro-tlaquepaque-jalisco-para-el-ejercicio-fiscal/
14,0133,"Ley de Ingresos del Municipio de San Sebastián del Oeste, Jalisco para el Ejercicio Fiscal 2025",https://mexico.justia.com/estatales/jalisco/leyes/ley-de-ingresos-del-municipio-de-san-sebastian-del-oeste-jalisco-para-el-ejercicio-fiscal/
14,0134,"Ley de Ingresos del Municipio de Santa María de los Angeles, Jalisco para el Ejercicio Fiscal 2025",https://mexico.justia.com/estatales/jalisco/leyes/ley-de-ingresos-del-municipio-de-santa-maria-de-los-angeles-jalisco-para-el-ejercicio-fiscal/
14,0135,"Ley de Ingresos del Municipio de Santa María del Oro, Jalisco para el Ejercicio Fiscal 2025",https://mexico.justia.com/estatales/jalisco/leyes/ley-de-ingresos-del-municipio-de-santa-maria-del-oro-jalisco-para-el-ejercicio-fiscal/
14,0136,"Ley de Ingresos del Municipio de Sayula, Jalisco para el Ejercicio Fiscal 2025",https://mexico.justia.com/estatales/jalisco/leyes/ley-de-ingresos-del-municipio-de-sayula-jalisco-para-el-ejercicio-fiscal/
14,0137,"Ley de Ingresos del Municipio de Tala, Jalisco para el Ejercicio Fiscal 2025",https://mexico.justia.com/estatales/jalisco/leyes/ley-de-ingresos-del-municipio-de-tala-jalisco-para-el-ejercicio-fiscal/
14,0138,"Ley de Ingresos del Municipio de Talpa de Allende, Jalisco para el Ejercicio Fiscal 2025",https://mexico.justia.com/estatales/jalisco/leyes/ley-de-ingresos-del-municipio-de-talpa-de-allende-jalisco-para-el-ejercicio-fiscal/
14,0139,"Ley de Ingresos del Municipio de Tamazula de Gordiano, Jalisco para el Ejercicio Fiscal 2025",https://mexico.justia.com/estatales/jalisco/leyes/ley-de-ingresos-del-municipio-de-tamazula-de-gordiano-jalisco-para-el-ejercicio-fiscal/
14,0140,"Ley de Ingresos del Municipio de Tapalpa, Jalisco para el Ejercicio Fiscal 2025",https://mexico.justia.com/estatales/jalisco/leyes/ley-de-ingresos-del-municipio-de-tapalpa-jalisco-para-el-ejercicio-fiscal/
14,0141,"Ley de Ingresos del Municipio de Tecalitlán, Jalisco para el Ejercicio Fiscal 2025",https://mexico.justia.com/estatales/jalisco/leyes/ley-de-ingresos-del-municipio-de-tecalitlan-jalisco-para-el-ejercicio-fiscal/
14,0142,"Ley de Ingresos del Municipio de Techaluta de Montenegro, Jalisco para el Ejercicio Fiscal 2025",https://mexico.justia.com/estatales/jalisco/leyes/ley-de-ingresos-del-municipio-de-techaluta-de-montenegro-jalisco-para-el-ejercicio-fiscal/
14,0143,"Ley de Ingresos del Municipio de Tecolotlán, Jalisco para el Ejercicio Fiscal 2025",https://mexico.justia.com/estatales/jalisco/leyes/ley-de-ingresos-del-municipio-de-tecolotlan-jalisco-para-el-ejercicio-fiscal/
14,0144,"Ley de Ingresos del Municipio de Tenamaxtlán, Jalisco para el Ejercicio Fiscal 2025",https://mexico.justia.com/estatales/jalisco/leyes/ley-de-ingresos-del-municipio-de-tenamaxtlan-jalisco-para-el-ejercicio-fiscal/
14,0145,"Ley de Ingresos del Municipio de Teocaltiche, Jalisco para el Ejercicio Fiscal 2025",https://mexico.justia.com/estatales/jalisco/leyes/ley-de-ingresos-del-municipio-de-teocaltiche-jalisco-para-el-ejercicio-fiscal/
14,0146,"Ley de Ingresos del Municipio de Teocuitatlán de Corona, Jalisco para el Ejercicio Fiscal 2025",https://mexico.justia.com/estatales/jalisco/leyes/ley-de-ingresos-del-municipio-de-teocuitatlan-de-corona-jalisco-para-el-ejercicio-fiscal/
14,0147,"Ley de Ingresos del Municipio de Tepatitlán de Morelos, Jalisco para el Ejercicio Fiscal 2025",https://mexico.justia.com/estatales/jalisco/leyes/ley-de-ingresos-del-municipio-de-tepatitlan-de-morelos-jalisco-para-el-ejercicio-fiscal/
14,0148,"Ley de Ingresos del Municipio de Tequila, Jalisco para el Ejercicio Fiscal 2025",https://mexico.justia.com/estatales/jalisco/leyes/ley-de-ingresos-del-municipio-de-tequila-jalisco-para-el-ejercicio-fiscal/
14,0149,"Ley de Ingresos del Municipio de Teuchitlán, Jalisco para el Ejercicio Fiscal 2025",https://mexico.justia.com/estatales/jalisco/leyes/ley-de-ingresos-del-municipio-de-teuchitlan-jalisco-para-el-ejercicio-fiscal/
14,0150,"Ley de Ingresos del Municipio de Tizapán el Alto, Jalisco para el Ejercicio Fiscal 2025",https://mexico.justia.com/estatales/jalisco/leyes/ley-de-ingresos-del-municipio-de-tizapan-el-alto-jalisco-para-el-ejercicio-fiscal/
14,0151,"Ley de Ingresos del Municipio de Tlajomulco de Zúñiga, Jalisco para el Ejercicio Fiscal 2025",https://mexico.justia.com/estatales/jalisco/leyes/ley-de-ingresos-del-municipio-de-tlajomulco-de-zuniga-jalisco-para-el-ejercicio-fiscal/
14,0152,"Ley de Ingresos del Municipio de Tolimán, Jalisco para el Ejercicio Fiscal 2025",https://mexico.justia.com/estatales/jalisco/leyes/ley-de-ingresos-del-municipio-de-toliman-jalisco-para-el-ejercicio-fiscal/
14,0153,"Ley de Ingresos del Municipio de Tomatlán, Jalisco para el Ejercicio Fiscal 2025",https://mexico.justia.com/estatales/jalisco/leyes/ley-de-ingresos-del-municipio-de-tomatlan-jalisco-para-el-ejercicio-fiscal/
14,0154,"Ley de Ingresos del Municipio de Tonalá, Jalisco para el Ejercicio Fiscal 2025",https://mexico.justia.com/estatales/jalisco/leyes/ley-de-ingresos-del-municipio-de-tonala-jalisco-para-el-ejercicio-fiscal/
14,0155,"Ley de Ingresos del Municipio de Tonaya, Jalisco para el Ejercicio Fiscal 2025",https://mexico.justia.com/estatales/jalisco/leyes/ley-de-ingresos-del-municipio-de-tonaya-jalisco-para-el-ejercicio-fiscal/
14,0156,"Ley de Ingresos del Municipio de Tonila, Jalisco para el Ejercicio Fiscal 2025",https://mexico.justia.com/estatales/jalisco/leyes/ley-de-ingresos-del-municipio-de-tonila-jalisco-para-el-ejercicio-fiscal/
14,0157,Ley de Ingresos del Municipio de Totatiche para el Ejercicio Fiscal 2025,https://mexico.justia.com/estatales/jalisco/leyes/ley-de-ingresos-del-municipio-de-totatiche-para-el-ejercicio-fiscal/
14,0158,"Ley de Ingresos del Municipio de Tototlán, Jalisco para el Ejercicio Fiscal 2025",https://mexico.justia.com/estatales/jalisco/leyes/ley-de-ingresos-del-municipio-de-tototlan-jalisco-para-el-ejercicio-fiscal/
14,0159,"Ley de Ingresos del Municipio de Tuxcacuesco, Jalisco para el Ejercicio Fiscal 2025",https://mexico.justia.com/estatales/jalisco/leyes/ley-de-ingresos-del-municipio-de-tuxcacuesco-jalisco-para-el-ejercicio-fiscal/
14,0160,"Ley de Ingresos del Municipio de Tuxcueca, Jalisco para el Ejercicio Fiscal 2025",https://mexico.justia.com/estatales/jalisco/leyes/ley-de-ingresos-del-municipio-de-tuxcueca-jalisco-para-el-ejercicio-fiscal/
14,0161,"Ley de Ingresos del Municipio de Tuxpan, Jalisco para el Ejercicio Fiscal 2025",https://mexico.justia.com/estatales/jalisco/leyes/ley-de-ingresos-del-municipio-de-tuxpan-jalisco-para-el-ejercicio-fiscal/
14,0162,"Ley de Ingresos del Municipio de Unión de San Antonio, Jalisco para el Ejercicio Fiscal 2025",https://mexico.justia.com/estatales/jalisco/leyes/ley-de-ingresos-del-municipio-de-union-de-san-antonio-jalisco-para-el-ejercicio-fiscal/
14,0163,"Ley de Ingresos del Municipio de Unión de Tula, Jalisco para el Ejercicio Fiscal 2025",https://mexico.justia.com/estatales/jalisco/leyes/ley-de-ingresos-del-municipio-de-union-de-tula-jalisco-para-el-ejercicio-fiscal/
14,0164,"Ley de Ingresos del Municipio de Valle de Guadalupe, Jalisco para el Ejercicio Fiscal 2025",https://mexico.justia.com/estatales/jalisco/leyes/ley-de-ingresos-del-municipio-de-valle-de-guadalupe-jalisco-para-el-ejercicio-fiscal/
14,0165,"Ley de Ingresos del Municipio de Valle de Juárez, Jalisco para el Ejercicio Fiscal 2025",https://mexico.justia.com/estatales/jalisco/leyes/ley-de-ingresos-del-municipio-de-valle-de-juarez-jalisco-para-el-ejercicio-fiscal/
14,0166,"Ley de Ingresos del Municipio de Villa Corona, Jalisco para el Ejercicio Fiscal 2025",https://mexico.justia.com/estatales/jalisco/leyes/ley-de-ingresos-del-municipio-de-villa-corona-jalisco-para-el-ejercicio-fiscal/
14,0167,"Ley de Ingresos del Municipio de Villa Guerrero, Jalisco para el Ejercicio Fiscal 2025",https://mexico.justia.com/estatales/jalisco/leyes/ley-de-ingresos-del-municipio-de-villa-guerrero-jalisco-para-el-ejercicio-fiscal/
14,0168,"Ley de Ingresos del Municipio de Villa Hidalgo, Jalisco para el Ejercicio Fiscal 2025",https://mexico.justia.com/estatales/jalisco/leyes/ley-de-ingresos-del-municipio-de-villa-hidalgo-jalisco-para-el-ejercicio-fiscal/
14,0169,"Ley de Ingresos del Municipio de Villa Purificación, Jalisco para el Ejercicio Fiscal 2025",https://mexico.justia.com/estatales/jalisco/leyes/ley-de-ingresos-del-municipio-de-villa-purificacion-jalisco-para-el-ejercicio-fiscal/
14,0170,"Ley de Ingresos del Municipio de Yahualica de González Gallo, Jalisco para el Ejercicio Fiscal 2025",https://mexico.justia.com/estatales/jalisco/leyes/ley-de-ingresos-del-municipio-de-yahualica-de-gonzalez-gallo-jalisco-para-el-ejercicio-fiscal/
14,0171,"Ley de Ingresos del Municipio de Zacoalco de Torres, Jalisco para el Ejercicio Fiscal 2025",https://mexico.justia.com/estatales/jalisco/leyes/ley-de-ingresos-del-municipio-de-zacoalco-de-torres-jalisco-para-el-ejercicio-fiscal/
14,0172,"Ley de Ingresos del Municipio de Zapopan, Jalisco para el Ejercicio Fiscal 2025",https://mexico.justia.com/estatales/jalisco/leyes/ley-de-ingresos-del-municipio-de-zapopan-jalisco-para-el-ejercicio-fiscal/
14,0173,"Ley de Ingresos del Municipio de Zapotiltic, Jalisco para el Ejercicio Fiscal 2025",https://mexico.justia.com/estatales/jalisco/leyes/ley-de-ingresos-del-municipio-de-zapotiltic-jalisco-para-el-ejercicio-fiscal/
14,0174,"Ley de Ingresos del Municipio de Zapotitlán de Vadillo, Jalisco para el Ejercicio Fiscal 2025",https://mexico.justia.com/estatales/jalisco/leyes/ley-de-ingresos-del-municipio-de-zapotitlan-de-vadillo-jalisco-para-el-ejercicio-fiscal/
14,0175,"Ley de Ingresos del Municipio de Zapotlán del Rey, Jalisco para el Ejercicio Fiscal 2025",https://mexico.justia.com/estatales/jalisco/leyes/ley-de-ingresos-del-municipio-de-zapotlan-del-rey-jalisco-para-el-ejercicio-fiscal/
14,0176,"Ley de Ingresos del Municipio de Zapotlán el Grande, Jalisco para el Ejercicio Fiscal 2025",https://mexico.justia.com/estatales/jalisco/leyes/ley-de-ingresos-del-municipio-de-zapotlan-el-grande-jalisco-para-el-ejercicio-fiscal/
14,0177,"Ley de Ingresos del Municipio de Zapotlanejo, Jalisco para el Ejercicio Fiscal 2025",https://mexico.justia.com/estatales/jalisco/leyes/ley-de-ingresos-del-municipio-de-zapotlanejo-jalisco-para-el-ejercicio-fiscal/
14,0178,Ley de Justicia Administrativa del Estado de Jalisco,https://mexico.justia.com/estatales/jalisco/leyes/ley-de-justicia-administrativa-del-estado-de-jalisco/
14,0179,Ley de Justicia Alternativa del Estado de Jalisco,https://mexico.justia.com/estatales/jalisco/leyes/ley-de-justicia-alternativa-del-estado-de-jalisco/
14,0180,Ley de la Comisión Estatal de Derechos Humanos,https://mexico.justia.com/estatales/jalisco/leyes/ley-de-la-comision-estatal-de-derechos-humanos/
14,0181,Ley de Límites Territoriales de los Municipios del Estado de Jalisco,https://mexico.justia.com/estatales/jalisco/leyes/ley-de-limites-territoriales-de-los-municipios-del-estado-de-jalisco/
14,0182,"Ley de los Derechos de Niñas, Niños y Adolescentes en el Estado de Jalisco",https://mexico.justia.com/estatales/jalisco/leyes/ley-de-los-derechos-de-la-ninas-los-ninos-y-adolescentes-en-el-estado-de-jalisco/
14,0183,Ley de los Derechos de las Personas Adultas Mayores del Estado de Jalisco,https://mexico.justia.com/estatales/jalisco/leyes/ley-de-los-derechos-de-las-personas-adultas-mayores-del-estado-de-jalisco/
14,0184,Ley de los Símbolos Oficiales del Estado de Jalisco,https://mexico.justia.com/estatales/jalisco/leyes/ley-de-los-simbolos-oficiales-del-estado-de-jalisco/
14,0185,Ley de Mecenazgo Cultural del Estado de Jalisco,https://mexico.justia.com/estatales/jalisco/leyes/ley-de-mecenazgo-cultural-del-estado-de-jalisco/
14,0186,Ley de Mejora Regulatoria para el Estado de Jalisco y sus Municipios,https://mexico.justia.com/estatales/jalisco/leyes/ley-de-mejora-regulatoria-del-estado-de-jalisco-y-sus-municipios/
14,0187,"Ley de Movilidad, Seguridad Vial y Transporte del Estado de Jalisco",https://mexico.justia.com/estatales/jalisco/leyes/ley-de-movilidad-seguridad-vial-y-transporte-del-estado-de-jalisco/
14,0188,Ley de Nutrición Adecuada y Estilos de Vida Saludables del Estado de Jalisco,https://mexico.justia.com/estatales/jalisco/leyes/ley-de-nutricion-adecuada-y-estilos-de-vida-saludables-del-estado-de-jalisco/
14,0189,Ley de Obra Pública del Estado de Jalisco y sus Municipios,https://mexico.justia.com/estatales/jalisco/leyes/ley-de-obra-publica-del-estado-de-jalisco-y-sus-municipios/
14,0190,Ley de Patrimonio Cultural del Estado de Jalisco y sus Municipios,https://mexico.justia.com/estatales/jalisco/leyes/ley-de-patrimonio-cultural-del-estado-de-jalisco-y-sus-municipios/
14,0191,Ley de Personas Desaparecidas del Estado de Jalisco,https://mexico.justia.com/estatales/jalisco/leyes/ley-de-personas-desaparecidas-del-estado-de-jalisco/
14,0192,Ley de Planeación Participativa para el Estado de Jalisco y sus Municipios,https://mexico.justia.com/estatales/jalisco/leyes/ley-de-planeacion-participativa-para-el-estado-de-jalisco-y-sus-municipios/
14,0193,Ley de Prevención Social de la Violencia y la Delincuencia del Estado de Jalisco,https://mexico.justia.com/estatales/jalisco/leyes/ley-de-prevencion-social-de-la-violencia-y-la-delincuencia-del-estado-de-jalisco/
14,0194,Ley de Promoción y Desarrollo Artesanal del Estado de Jalisco,https://mexico.justia.com/estatales/jalisco/leyes/ley-de-promocion-y-desarrollo-artesanal-del-estado-de-jalisco/
14,0195,Ley de Protección Civil del Estado de Jalisco,https://mexico.justia.com/estatales/jalisco/leyes/ley-de-proteccion-civil-del-estado/
14,0196,"Ley de Protección, Conservación y Fomento de Arbolado y Áreas Verdes Urbanas del Estado de Jalisco y sus Municipios",https://mexico.justia.com/estatales/jalisco/leyes/ley-de-proteccion-conservacion-y-fomento-de-arbolado-y-areas-verdes-urbanas-del-estado-de-jalisco-y-sus-municipios/
14,0197,Ley de Protección contra la Exposición al Humo de Tabaco para el Estado de Jalisco,https://mexico.justia.com/estatales/jalisco/leyes/ley-de-proteccion-contra-la-exposicion-al-humo-de-tabaco-para-el-estado-de-jalisco/
14,0198,Ley de Protección de Datos Personales en Posesión de Sujetos Obligados del Estado de Jalisco y sus Municipios,https://mexico.justia.com/estatales/jalisco/leyes/ley-de-proteccion-de-datos-personales-en-posesion-de-sujetos-obligados-del-estado-de-jalisco-y-sus-municipios/
14,0199,Ley de Protección y Atención de los Migrantes en el Estado de Jalisco,https://mexico.justia.com/estatales/jalisco/leyes/ley-de-proteccion-y-atencion-de-los-migrantes-en-el-estado-de-jalisco/
14,0200,Ley de Protección y Cuidado de los Animales del Estado de Jalisco,https://mexico.justia.com/estatales/jalisco/leyes/ley-de-proteccion-y-cuidado-de-los-animales-del-estado-de-jalisco/
14,0201,Ley de Proyectos de Inversión y de Prestación de Servicios del Estado de Jalisco y sus Municipios,https://mexico.justia.com/estatales/jalisco/leyes/ley-de-proyectos-de-inversion-y-de-prestacion-de-servicios-del-estado-de-jalisco-y-sus-municipios/
14,0202,Ley de Responsabilidad Patrimonial del Estado de Jalisco y sus Municipios,https://mexico.justia.com/estatales/jalisco/leyes/ley-de-responsabilidad-patrimonial-del-estado-de-jalisco-y-sus-municipios/
14,0203,Ley de Responsabilidades Políticas y Administrativas del Estado de Jalisco,https://mexico.justia.com/estatales/jalisco/leyes/ley-de-responsabilidades-politicas-y-administrativas-del-estado-de-jalisco/
14,0204,Ley de Salud del Estado de Jalisco,https://mexico.justia.com/estatales/jalisco/leyes/ley-de-salud-del-estado-de-jalisco/
14,0205,Ley de Salud Mental y Adicciones del Estado de Jalisco,https://mexico.justia.com/estatales/jalisco/leyes/ley-de-salud-mental-y-adicciones-del-estado-de-jalisco/
14,0206,Ley de Sujetos Protegidos para el Estado de Jalisco,https://mexico.justia.com/estatales/jalisco/leyes/ley-de-sujetos-protegidos-para-el-estado-de-jalisco/
14,0207,Ley de Transparencia y Acceso a la Información Pública del Estado de Jalisco y sus Municipios,https://mexico.justia.com/estatales/jalisco/leyes/ley-de-transparencia-y-acceso-a-la-informacion-publica-del-estado-de-jalisco-y-sus-municipios/
14,0208,Ley de Turismo para el Estado de Jalisco y sus Municipios,https://mexico.justia.com/estatales/jalisco/leyes/ley-de-turismo-para-el-estado-de-jalisco-y-sus-municipios/
14,0209,Ley de Vivienda del Estado de Jalisco,https://mexico.justia.com/estatales/jalisco/leyes/ley-de-vivienda-del-estado-de-jalisco/
14,0210,Ley del Agua para el Estado de Jalisco y sus Municipios,https://mexico.justia.com/estatales/jalisco/leyes/ley-del-agua-para-el-estado-de-jalisco-y-sus-municipios/
14,0211,Ley del Centro de Atención para las Víctimas del Delito,https://mexico.justia.com/estatales/jalisco/leyes/ley-del-centro-de-atencion-para-las-victimas-del-delito/
14,0212,Ley del Gobierno y la Administración Pública Municipal del Estado de Jalisco,https://mexico.justia.com/estatales/jalisco/leyes/ley-del-gobierno-y-la-administracion-publica-municipal-del-estado-de-jalisco/
14,0213,Ley del Instituto de Pensiones del Estado de Jalisco,https://mexico.justia.com/estatales/jalisco/leyes/ley-del-instituto-de-pensiones-del-estado-de-jalisco/
14,0214,Ley del Notariado del Estado de Jalisco,https://mexico.justia.com/estatales/jalisco/leyes/ley-del-notariado-del-estado-de-jalisco/
14,0215,Ley del Organismo Público Descentralizado Denominado “Bosque de la Primavera”,https://mexico.justia.com/estatales/jalisco/leyes/ley-del-organismo-publico-descentralizado-denominado-bosque-la-primavera/
14,0216,Ley del Organismo Público Descentralizado “Hospital Civil de Guadalajara”,https://mexico.justia.com/estatales/jalisco/leyes/ley-del-organismo-publico-descentralizado-hospital-civil-de-guadalajara/
14,0217,Ley del Organismo Público Descentralizado “Servicios de Salud Jalisco”,https://mexico.justia.com/estatales/jalisco/leyes/ley-del-organismo-publico-descentralizado-servicios-de-salud-jalisco/
14,0218,Ley del Periódico Oficial el Estado de Jalisco,https://mexico.justia.com/estatales/jalisco/leyes/ley-del-periodico-oficial-del-estado-de-jalisco/
14,0219,"Ley del Presupuesto, Contabilidad  y Gasto Público del Estado de Jalisco",https://mexico.justia.com/estatales/jalisco/leyes/ley-del-presupuesto-contabilidad-y-gasto-publico-del-estado-de-jalisco/
14,0220,Ley del Procedimiento Administrativo del Estado de Jalisco,https://mexico.justia.com/estatales/jalisco/leyes/ley-del-procedimiento-administrativo-del-estado-de-jalisco/
14,0221,Ley del Registro Civil del Estado de Jalisco,https://mexico.justia.com/estatales/jalisco/leyes/ley-del-registro-civil-del-estado-de-jalisco/
14,0222,Ley del Registro Público de la Propiedad del Estado de Jalisco,https://mexico.justia.com/estatales/jalisco/leyes/ley-del-registro-publico-de-la-propiedad-del-estado-de-jalisco/
14,0223,Ley del Servicio de Protección para el Estado de Jalisco y sus Municipios,https://mexico.justia.com/estatales/jalisco/leyes/ley-del-servicio-de-proteccion-para-el-estado-de-jalisco-y-sus-municipios/
14,0224,Ley del Servicio Estatal Tributario de Jalisco,https://mexico.justia.com/estatales/jalisco/leyes/ley-del-servicio-estatal-tributario-de-jalisco/
14,0225,Ley del Sistema Anticorrupción del Estado de Jalisco,https://mexico.justia.com/estatales/jalisco/leyes/ley-del-sistema-anticorrupcion-del-estado-de-jalisco/
14,0226,Ley del Sistema de Participación Ciudadana y Popular para la Gobernanza del Estado de Jalisco,https://mexico.justia.com/estatales/jalisco/leyes/ley-del-sistema-de-participacion-ciudadana-y-popular-para-la-gobernanza-del-estado-de-jalisco/
14,0227,Ley del Sistema de Seguridad Pública para el Estado de Jalisco,https://mexico.justia.com/estatales/jalisco/leyes/ley-del-sistema-de-seguridad-publica-para-el-estado-de-jalisco/
14,0228,Ley del Sistema Integral de Cuidados para el Estado de Jalisco,https://mexico.justia.com/estatales/jalisco/leyes/ley-del-sistema-integral-de-cuidados-para-el-estado-de-jalisco/
14,0229,Ley Estatal del Equilibrio Ecológico y la Protección al Ambiente,https://mexico.justia.com/estatales/jalisco/leyes/ley-estatal-del-equilibrio-ecologico-y-la-proteccion-al-ambiente/
14,0230,Ley Estatal para la Igualdad entre Mujeres y Hombres,https://mexico.justia.com/estatales/jalisco/leyes/ley-estatal-para-la-igualdad-entre-mujeres-y-hombres/
14,0231,"Ley Estatal para Prevenir, Combatir y Erradicar la Trata de Personas",https://mexico.justia.com/estatales/jalisco/leyes/ley-estatal-para-prevenir-combatir-y-erradicar-la-trata-de-personas/
14,0232,"Ley Estatal para Promover la Igualdad, Prevenir y Eliminar la Discriminación en el Estado de Jalisco",https://mexico.justia.com/estatales/jalisco/leyes/ley-estatal-para-promover-la-igualdad-prevenir-y-eliminar-la-discriminacion-en-el-estado-de-jalisco/
14,0233,Ley Orgánica de la Agencia de Conectividad y Acceso a Internet,https://mexico.justia.com/estatales/jalisco/leyes/ley-organica-de-la-agencia-de-conectividad-y-acceso-a-internet/
14,0234,Ley Orgánica de la Agencia de Energía del Estado de Jalisco,https://mexico.justia.com/estatales/jalisco/leyes/ley-organica-de-la-agencia-de-energia-del-estado-de-jalisco/
14,0235,Ley Orgánica de la Agencia Estatal de Entretenimiento de Jalisco,https://mexico.justia.com/estatales/jalisco/leyes/ley-organica-de-la-agencia-estatal-de-entretenimiento-de-jalisco/
14,0236,Ley Orgánica de la Agencia para el Desarrollo de Industrias Creativas y Digitales del Estado de Jalisco,https://mexico.justia.com/estatales/jalisco/leyes/ley-organica-de-la-agencia-para-el-desarrollo-de-industrias-creativas-y-digitales-del-estado-de-jalisco/
14,0237,Ley Orgánica de la Fiscalía del Estado de Jalisco,https://mexico.justia.com/estatales/jalisco/leyes/ley-organica-de-la-fiscalia-del-estado-de-jalisco/
14,0238,Ley Orgánica de la Procuraduría Social del Estado de Jalisco,https://mexico.justia.com/estatales/jalisco/leyes/ley-organica-de-la-procuraduria-social/
14,0239,Ley Orgánica de la Universidad de Guadalajara,https://mexico.justia.com/estatales/jalisco/leyes/ley-organica-de-la-universidad-de-guadalajara/
14,0240,Ley Orgánica de la Universidad Intercultural de Jalisco,https://mexico.justia.com/estatales/jalisco/leyes/ley-organica-de-la-universidad-intercultural-de-jalisco/
14,0241,Ley Orgánica de la Universidad Politécnica de la Zona Metropolitana de Guadalajara,https://mexico.justia.com/estatales/jalisco/leyes/ley-organica-de-la-universidad-politecnica-de-la-zona-metropolitana-de-guadalajara/
14,0242,Ley Orgánica de la Universidad Tecnológica de Jalisco,https://mexico.justia.com/estatales/jalisco/leyes/ley-organica-de-la-universidad-tecnologica-de-jalisco/
14,0243,Ley Orgánica de la Universidad Tecnológica de la Zona Metropolitana de Guadalajara,https://mexico.justia.com/estatales/jalisco/leyes/ley-organica-de-la-universidad-tecnologica-de-la-zona-metropolitana-de-guadalajara/
14,0244,Ley Orgánica del Colegio de Bachilleres del Estado de Jalisco,https://mexico.justia.com/estatales/jalisco/leyes/ley-organica-del-colegio-de-bachilleres-del-estado-de-jalisco/
14,0245,Ley Orgánica del Colegio de Educación Profesional Técnica del Estado de Jalisco,https://mexico.justia.com/estatales/jalisco/leyes/ley-organica-del-colegio-de-educacion-profesional-tecnica-del-estado-de-jalisco/
14,0246,Ley Orgánica del Colegio de Estudios Científicos y Tecnológicos del Estado de Jalisco,https://mexico.justia.com/estatales/jalisco/leyes/ley-organica-del-colegio-de-estudios-cientificos-y-tecnologicos-del-estado-de-jalisco/
14,0247,Ley Orgánica del Instituto Cultural Cabañas,https://mexico.justia.com/estatales/jalisco/leyes/ley-organica-del-instituto-cultural-cabanas/
14,0248,Ley Orgánica del Instituto de Información Estadística y Geográfica del Estado de Jalisco,https://mexico.justia.com/estatales/jalisco/leyes/ley-organica-del-instituto-de-informacion-estadistica-y-geografica-del-estado-de-jalisco/
14,0249,Ley Orgánica del Instituto Jalisciense de Ciencias Forenses Dr. Jesús Mario Rivas Souza,https://mexico.justia.com/estatales/jalisco/leyes/ley-organica-del-instituto-jalisciense-de-ciencias-forenses-dr-jesus-mario-rivas-souza/
14,0250,Ley Orgánica del Instituto Jalisciense de la Vivienda,https://mexico.justia.com/estatales/jalisco/leyes/ley-organica-del-instituto-jalisciense-de-la-vivienda/
14,0251,Ley Orgánica del Instituto Tecnológico José Molina Pasquel y Henríquez,https://mexico.justia.com/estatales/jalisco/leyes/ley-organica-del-instituto-tecnologico-jose-molina-pasquel-y-henriquez/
14,0252,Ley Orgánica del Organismo Público Descentralizado Denominado Agencia de Coinversión para el Desarrollo Sostenible de Jalisco (COINVIERTE),https://mexico.justia.com/estatales/jalisco/leyes/ley-organica-del-organismo-publico-descentralizado-denominado-agencia-de-coinversion-para-el-desarrollo-sostenible-de-jalisco-coinvierte/
14,0253,Ley Orgánica del Organismo Público Descentralizado Denominado Agencia Integral de Regulación de Emisiones,https://mexico.justia.com/estatales/jalisco/leyes/ley-organica-del-organismo-publico-descentralizado-denominado-agencia-integral-de-regulacion-de-emisiones/
14,0254,Ley Orgánica del Organismo Público Descentralizado Denominado Centro de Conciliación Laboral del Estado de Jalisco,https://mexico.justia.com/estatales/jalisco/leyes/ley-organica-del-organismo-publico-descentralizado-denominado-centro-de-conciliacion-laboral-del-estado-de-jalisco/
14,0255,"Ley Orgánica del Organismo Público Descentralizado Denominado Centro de Coordinación, Comando, Control, Comunicaciones y Cómputo del Estado de Jalisco",https://mexico.justia.com/estatales/jalisco/leyes/ley-organica-del-organismo-publico-descentralizado-denominado-centro-de-coordinacion-comando-control-comunicaciones-y-computo-del-estado-de-jalisco/
14,0256,Ley Orgánica del Organismo Público Descentralizado Denominado Red de Centros de Justicia para las Mujeres,https://mexico.justia.com/estatales/jalisco/leyes/ley-organica-del-organismo-publico-descentralizado-denominado-red-de-centros-de-justicia-para-las-mujeres/
14,0257,"Ley Orgánica del Organismo Público Descentralizado Denominado “Museos, Exposiciones y Galerías de Jalisco”",https://mexico.justia.com/estatales/jalisco/leyes/ley-organica-del-organismo-pulblico-descentralizado-denominado-museos-exposiciones-y-galerias-de-jalisco/
14,0258,Ley Orgánica del Poder Ejecutivo del Estado de Jalisco,https://mexico.justia.com/estatales/jalisco/leyes/ley-organica-del-poder-ejecutivo-del-estado-de-jalisco/
14,0259,Ley Orgánica del Poder Judicial del Estado de Jalisco,https://mexico.justia.com/estatales/jalisco/leyes/ley-organica-del-poder-judicial-del-estado-de-jalisco/
14,0260,Ley Orgánica del Poder Legislativo del Estado de Jalisco,https://mexico.justia.com/estatales/jalisco/leyes/ley-organica-del-poder-legislativo-del-estado-de-jalisco/
14,0261,Ley Orgánica del Sistema Jalisciense de Radio y Televisión,https://mexico.justia.com/estatales/jalisco/leyes/ley-organica-del-sistema-jalisciense-de-radio-y-television/
14,0262,Ley Orgánica del Tribunal de Justicia Administrativa del Estado de Jalisco,https://mexico.justia.com/estatales/jalisco/leyes/ley-organica-del-tribunal-de-justicia-administrativa-del-estado-de-jalisco/
14,0263,Ley Orgánica del Tribunal Electoral del Estado de Jalisco,https://mexico.justia.com/estatales/jalisco/leyes/ley-organica-del-tribunal-electoral-del-estado-de-jalisco/
14,0264,Ley Orgánica que Crea al Organismo Público Descentralizado Denominado Plataforma Abierta de Innovación y Desarrollo de Jalisco,https://mexico.justia.com/estatales/jalisco/leyes/ley-organica-que-crea-al-organismo-publico-descentralizado-denominado-plataforma-abierta-de-innovacion-y-desarrollo-de-jalisco/
14,0265,Ley para el Desarrollo Económico del Estado de Jalisco,https://mexico.justia.com/estatales/jalisco/leyes/ley-para-el-desarrollo-economico-del-estado-de-jalisco/
14,0266,Ley para el Desarrollo Integral de las Juventudes del Estado de Jalisco,https://mexico.justia.com/estatales/jalisco/leyes/ley-para-el-desarrollo-integral-de-las-juventudes-del-estado-de-jalisco/
14,0267,Ley para el Ejercicio de las Actividades Profesionales del Estado de Jalisco,https://mexico.justia.com/estatales/jalisco/leyes/ley-para-el-ejercicio-de-las-actividades-profesionales-del-estado-de-jalisco/
14,0268,Ley para el Fomento y Participación de las Organizaciones de la Sociedad Civil en el Estado de Jalisco,https://mexico.justia.com/estatales/jalisco/leyes/ley-para-el-fomento-y-participacion-de-las-organizaciones-de-la-sociedad-civil-en-el-estado-de-jalisco/
14,0269,Ley para Garantizar el Derecho Humano a la Alimentación del Estado de Jalisco,https://mexico.justia.com/estatales/jalisco/leyes/ley-para-garantizar-el-derecho-humano-a-la-alimentacion-del-estado-de-jalisco/
14,0270,Ley para la Acción ante el Cambio Climático del Estado de Jalisco,https://mexico.justia.com/estatales/jalisco/leyes/ley-para-la-accion-ante-el-cambio-climatico-del-estado-de-jalisco/
14,0271,"Ley para la Administración de Bienes Asegurados, Decomisados o Abandonados para el Estado de Jalisco",https://mexico.justia.com/estatales/jalisco/leyes/ley-para-la-administracion-de-bienes-asegurados-decomisados-o-abandonados-para-el-estado-de-jalisco/
14,0272,Ley para la Declaración Especial de Ausencia por Desaparición de Personas del Estado de Jalisco,https://mexico.justia.com/estatales/jalisco/leyes/ley-para-la-declaracion-especial-de-ausencia-por-desaparicion-de-personas-del-estado-de-jalisco/
14,0273,Ley para la Detección y Tratamiento Oportuno e Integral del Cáncer en la Infancia y en la Adolescencia del Estado de Jalisco,https://mexico.justia.com/estatales/jalisco/leyes/ley-para-la-deteccion-y-tratamiento-oportuno-e-integral-del-cancer-en-la-infancia-y-en-la-adolescencia-del-estado-de-jalisco/
14,0274,Ley para la Inclusión y Desarrollo Integral de las Personas con Discapacidad del Estado de Jalisco,https://mexico.justia.com/estatales/jalisco/leyes/ley-para-la-inclusion-y-desarrollo-integral-de-las-personas-con-discapacidad-del-estado-de-jalisco/
14,0275,Ley para la Operación de Albergues del Estado de Jalisco,https://mexico.justia.com/estatales/jalisco/leyes/ley-para-la-operacion-de-albergues-del-estado-de-jalisco/
14,0276,Ley para la Prevención y Atención de la Violencia Intrafamiliar del Estado de Jalisco,https://mexico.justia.com/estatales/jalisco/leyes/ley-para-la-prevencion-y-atencion-de-la-violencia-intrafamiliar-del-estado-de-jalisco/
14,0277,Ley para la Promoción de Inversiones en el Estado de Jalisco,https://mexico.justia.com/estatales/jalisco/leyes/ley-para-la-promocion-de-inversiones-en-el-estado-de-jalisco/
14,0278,Ley para la Protección de Personas Defensoras de los Derechos Humanos y Periodistas del Estado de Jalisco,https://mexico.justia.com/estatales/jalisco/leyes/ley-para-la-proteccion-de-personas-defensoras-de-los-derechos-humanos-y-periodistas-del-estado-de-jalisco/
14,0279,Ley para la Protección y Apoyo de las Madres Jefas de Familia del Estado de Jalisco,https://mexico.justia.com/estatales/jalisco/leyes/ley-para-la-proteccion-y-apoyo-de-las-madres-jefas-de-familia-del-estado-de-jalisco/
14,0280,Ley para la Regularización y Titulación de Predios Urbanos en el Estado de Jalisco,https://mexico.justia.com/estatales/jalisco/leyes/ley-para-la-regularizacion-y-titulacion-de-predios-urbanos-en-el-estado-de-jalisco/
14,0281,Ley para las Personas con Transtorno del Espectro del Autismo en el Estado de Jalisco,https://mexico.justia.com/estatales/jalisco/leyes/ley-para-las-personas-con-transtorno-del-espectro-del-autismo-en-el-estado-de-jalisco/
14,0282,Ley para los Servidores Públicos del Estado de Jalisco y sus Municipios,https://mexico.justia.com/estatales/jalisco/leyes/ley-para-los-servidores-publicos-del-estado-de-jalisco-y-sus-municipios/
14,0283,"Ley para Prevenir, Sancionar, Erradicar y Reparar la Tortura y Otros Tratos o Penas Crueles e Inhumanos o Degradantes del Estado de Jalisco",https://mexico.justia.com/estatales/jalisco/leyes/ley-para-prevenir-sancionar-erradicar-y-reparar-la-tortura-y-otros-tratos-o-penas-crueles-e-inhumanos-o-degradantes-del-estado-de-jalisco/
14,0284,Ley para Regular la Venta y el Consumo de Bebidas Alcohólicas del Estado de Jalisco,https://mexico.justia.com/estatales/jalisco/leyes/ley-para-regular-la-venta-y-el-consumo-de-bebidas-alcoholicas-del-estado-de-jalisco/
14,0285,"Ley que Aprueba el Plan de Ordenamiento de la Zona Conurbada de Guadalajara y la Declaratoria de Reservas, Usos y Destinos de sus Áreas y Predios",https://mexico.justia.com/estatales/jalisco/leyes/ley-que-aprueba-el-plan-de-ordenamiento-de-la-zona-conurbada-de-guadalajara/
14,0286,Ley que Aprueba el Plan Parcial de Urbanización y Control de la Edificación para la Protección Ecológica de la Zona de los Colomos,https://mexico.justia.com/estatales/jalisco/leyes/ley-que-aprueba-el-plan-parcial-de-urbanizacion-y-control-de-la-edificacion-para-la-proteccion-ecologica-de-la-zona-de-los-colomos/
14,0287,Ley que Crea el Instituto de la Infraestructura Física Educativa del Estado de Jalisco,https://mexico.justia.com/estatales/jalisco/leyes/ley-que-crea-el-instituto-de-la-infraestructura-fisica-educativa-del-estado-de-jalisco/
14,0288,Ley que Crea el Organismo Público Descentralizado del Poder Ejecutivo Denominado Sistema Intermunicipal de los Servicios de Agua Potable y Alcantarillado,https://mexico.justia.com/estatales/jalisco/leyes/ley-que-crea-el-organismo-publico-descentralizado-del-poder-ejecutivo-denominado-sistema-intermunicipal-de-los-servicios-de-agua-potable-y-alcantarillado/
14,0289,"Ley que Crea el Sistema de Agua Potable y Alcantarillado de Casimiro Castillo, Jalisco",https://mexico.justia.com/estatales/jalisco/leyes/ley-que-crea-el-sistema-de-agua-potable-y-alcantarillado-de-casimiro-castillo-jalisco/
14,0290,"Ley que Crea el Sistema de Agua Potable y Alcantarillado de Degollado, Jalisco",https://mexico.justia.com/estatales/jalisco/leyes/ley-que-crea-el-sistema-de-agua-potable-y-alcantarillado-de-degollado-jalisco/
14,0291,"Ley que Crea el Sistema de Agua Potable y Alcantarillado de Unión de Tula, Jalisco",https://mexico.justia.com/estatales/jalisco/leyes/ley-que-crea-el-sistema-de-agua-potable-y-alcantarillado-de-union-de-tula-jalisco/
14,0292,Ley que Crea la Industria Jalisciense de Rehabilitación Social,https://mexico.justia.com/estatales/jalisco/leyes/ley-que-crea-la-industria-jalisciense-de-rehabilitacion-social/
14,0293,Ley que Divide los Bienes Pertenecientes al Estado en Bienes de Dominio Público y Bienes de Dominio Privado,https://mexico.justia.com/estatales/jalisco/leyes/ley-que-divide-los-bienes-pertenecientes-al-estado-en-bienes-de-dominio-publico-y-bienes-de-dominio-privado/
14,0294,Ley que Establece el Registro y Acreditación de los Prestadores de Servicios en Materia Inmobiliaria del Estado de Jalisco,https://mexico.justia.com/estatales/jalisco/leyes/ley-que-establece-el-registro-y-acreditacion-de-los-prestadores-de-servicios-en-materia-inmobiliaria-del-estado-de-jalisco/
14,0295,Ley que Establece la Remuneración de los Auxiliares en la Administración de la Justicia,https://mexico.justia.com/estatales/jalisco/leyes/ley-que-establece-la-remuneracion-de-los-auxiliares-en-la-administracion-de-la-justicia/
14,0296,Ley que Establece las Bases para el Otorgamiento de Premios y Condecoraciones en el Estado de Jalisco,https://mexico.justia.com/estatales/jalisco/leyes/ley-que-establece-las-bases-para-el-otorgamiento-de-premios-y-condecoraciones-en-el-estado-de-jalisco/
14,0297,Ley que Regula los Centros de Atención Infantil en el Estado de Jalisco,https://mexico.justia.com/estatales/jalisco/leyes/ley-que-regula-los-centros-de-atencion-infantil-en-el-estado-de-jalisco/
14,0298,Ley Reglamentaria del Artículo 117 Bis de la Constitución Política del Estado de Jalisco,https://mexico.justia.com/estatales/jalisco/leyes/ley-reglamentaria-del-articulo-bis-de-la-constitucion-politica-del-estado-de-jalisco/
14,0299,Ley Reglamentaria del Derecho de Vía en los Caminos Públicos de Jurisdicción Estatal,https://mexico.justia.com/estatales/jalisco/leyes/ley-reglamentaria-del-derecho-de-via-en-los-caminos-publicos-de-jurisdiccion-estatal/
14,0300,Ley Sobre el Establecimiento de Fundos Legales para los Campesinos del Estado,https://mexico.justia.com/estatales/jalisco/leyes/ley-sobre-el-establecimiento-de-fundos-legales-para-los-campesinos-del-estado/
14,0301,Ley Sobre los Derechos y el Desarrollo de los Pueblos y las Comunidades Indígenas del Estado de Jalisco,https://mexico.justia.com/estatales/jalisco/leyes/ley-sobre-los-derechos-y-el-desarrollo-de-los-pueblos-y-las-comunidades-indigenas-del-estado-de-jalisco/
